[
  {
    "id": "1",
    "name": "John Doe",
    "email": "john.doe@example.com",
    "cart": [
      {
        "product": {
          "id": "1",
          "name": "Laptop",
          "price": 999.99
        },
        "quantity": 1
      },
      {
        "product": {
          "id": "2",
          "name": "Smartphone",
          "price": 699.99
        },
        "quantity": 2
      }
    ]
  },
  {
    "id": "2",
    "name": "Jane Smith",
    "email": "jane.smith@example.com",
    "cart": [
      {
        "product": {
          "id": "3",
          "name": "Headphones",
          "price": 199.99
        },
        "quantity": 3
      }
    ]
  }
]
